{
  "timestamp": "2026-07-17T16:28:22.348379+00:00",
  "mode": "fsot_sdpa_blend_all_layers",
  "alpha0_fsot": 0.38196601125010515,
  "lr_fsot": 0.061786866044777,
  "steps": 80,
  "loss_start": 2.196305274963379,
  "loss_end": 0.09268517792224884,
  "mean_alpha_after": 0.16695132652918498,
  "alphas": [
    0.13439321517944336,
    0.10913502424955368,
    0.11247149109840393,
    0.12186183780431747,
    0.3035712242126465,
    0.1900787651538849,
    0.1432565301656723,
    0.4857079088687897,
    0.17617590725421906,
    0.08090830594301224,
    0.18552064895629883,
    0.08278916031122208,
    0.20379994809627533,
    0.2652425169944763,
    0.1279280036687851,
    0.09390575438737869,
    0.20141389966011047,
    0.0628836527466774,
    0.22896355390548706,
    0.1278931200504303,
    0.484908789396286,
    0.12636803090572357,
    0.10057998448610306,
    0.15990012884140015,
    0.06657228618860245,
    0.07053039222955704,
    0.2739906311035156,
    0.08386822044849396,
    0.08516637235879898,
    0.11875449120998383
  ],
  "quality": {
    "argmax_agreement": 1.0,
    "mean_kl": 0.06539638043614104,
    "mean_top5": 0.8749999999999999
  },
  "throughput_tps": {
    "baseline": 29.72064711620941,
    "blend": 26.322065549835187,
    "speedup": 0.8856491397012461
  },
  "vs_pure_all_layers": {
    "pure_agree": 0.0,
    "pure_kl": 8.05,
    "note": "from all_layers_eval.json"
  },
  "ok": true
}