{
  "timestamp": "2026-07-17T20:34:46.625603+00:00",
  "phases": {
    "A_alpha_only": {
      "agree": 1.0,
      "kl": 0.030710618128068745,
      "top5": 0.8749999999999999,
      "alpha": 0.1464533068239689,
      "tps": 10.200169169365834,
      "tps_x": 0.5761373743288226,
      "loss_end": 0.13680270314216614
    },
    "B_alpha_push": {
      "agree": 1.0,
      "kl": 0.00464237472624518,
      "top5": 0.95,
      "alpha": 0.06344747183223566,
      "tps": 10.024583256505526,
      "tps_x": 0.5662197342265107
    },
    "C_pure_fsot": {
      "agree": 0.25,
      "kl": 5.390631526708603,
      "top5": 0.22499999999999998,
      "tps": 13.240068803492704,
      "tps_x": 0.7478403886953864,
      "loss_start": 24.040996551513672,
      "loss_end": 7.654201030731201,
      "trainable": 9988416
    }
  },
  "baseline_tps": 17.704404581023113,
  "summary": {
    "A_agree": 1.0,
    "B_agree": 1.0,
    "B_alpha": 0.06344747183223566,
    "C_agree": 0.25,
    "C_kl": 5.390631526708603,
    "C_tps_x": 0.7478403886953864,
    "pure_unadapted_agree": 0.0,
    "best_agree": 1.0
  },
  "ok": true,
  "claim": "A \u03b1-only agree=100%; B \u03b1-push agree=100% \u03b1=0.06; C pure-FSOT+adapt agree=25% KL=5.391 tps\u00d70.75 (unadapted pure was 0%)."
}