{
  "lr0": 2.0529301876647956e-05,
  "lr_floor": 3.1508827222647338e-06,
  "lr_ceil": 3e-05,
  "d_eff": 14.0,
  "epochs": 12,
  "note": "raw=0.0523038 scale=alpha/phi^2=0.000308741 |S|=0.439 deff_mult=1.271",
  "seeds": {
    "suction": 0.14703398542810284,
    "poof": 0.1534822148944508,
    "k": 0.4202216641606967,
    "alpha": 0.0008082937414140405,
    "phi": 1.618033988749895
  }
}