{
  "timestamp": "2026-07-18T19:54:21.744756+00:00",
  "meta": {},
  "mean_train_acc": 0.21666666666666667,
  "mean_hold_acc": 0.3194444444444444,
  "mean_overfit_gap": -0.10277777777777776,
  "max_overfit_gap": -0.04999999999999999,
  "gen_score": 0.3194444444444444,
  "overfit_flag": false,
  "threshold_gap": 0.08,
  "notes": "gap_within_threshold",
  "splits": [
    {
      "name": "arc_easy",
      "acc_train": 0.25,
      "acc_hold": 0.3333333333333333,
      "err_train": 0.75,
      "err_hold": 0.6666666666666667,
      "overfit_gap": -0.08333333333333331,
      "n_train": 40,
      "n_hold": 60
    },
    {
      "name": "arc_challenge",
      "acc_train": 0.15,
      "acc_hold": 0.325,
      "err_train": 0.85,
      "err_hold": 0.675,
      "overfit_gap": -0.17500000000000002,
      "n_train": 40,
      "n_hold": 40
    },
    {
      "name": "gsm_first_digit",
      "acc_train": 0.25,
      "acc_hold": 0.3,
      "err_train": 0.75,
      "err_hold": 0.7,
      "overfit_gap": -0.04999999999999999,
      "n_train": 40,
      "n_hold": 40
    }
  ]
}