{
  "timestamp": "2026-07-18T18:07:06.343565+00:00",
  "protocol": "sota_standard_climb",
  "constitution": "docs/SOTA_STANDARDS.md",
  "architecture": "pure_FSOT_all_layer_SmolLM2-135M",
  "start_host": "pure_fsot_sota_standard_best.pt",
  "verify_pre_ok": true,
  "verify_post_ok": true,
  "start": {
    "cap": {
      "arc_e": 0.3333333333333333,
      "arc_c": 0.325,
      "arc_min": 0.325,
      "gsm_first": 0.3,
      "gsm_tf": 0.5375,
      "gsm_exact": 0.0,
      "agree": 1.0,
      "balanced": 2.33375,
      "mode": "1200000",
      "mode_frac": 0.8
    },
    "overfit": {
      "mean_train_acc": 0.21666666666666667,
      "mean_hold_acc": 0.3194444444444444,
      "mean_overfit_gap": -0.10277777777777776,
      "max_overfit_gap": -0.04999999999999999,
      "gen_score": 0.3194444444444444,
      "overfit_flag": false,
      "threshold_gap": 0.08,
      "notes": "gap_within_threshold",
      "splits": [
        {
          "name": "arc_easy",
          "acc_train": 0.25,
          "acc_hold": 0.3333333333333333,
          "err_train": 0.75,
          "err_hold": 0.6666666666666667,
          "overfit_gap": -0.08333333333333331,
          "n_train": 40,
          "n_hold": 60
        },
        {
          "name": "arc_challenge",
          "acc_train": 0.15,
          "acc_hold": 0.325,
          "err_train": 0.85,
          "err_hold": 0.675,
          "overfit_gap": -0.17500000000000002,
          "n_train": 40,
          "n_hold": 40
        },
        {
          "name": "gsm_first_digit",
          "acc_train": 0.25,
          "acc_hold": 0.3,
          "err_train": 0.75,
          "err_hold": 0.7,
          "overfit_gap": -0.04999999999999999,
          "n_train": 40,
          "n_hold": 40
        }
      ]
    }
  },
  "final": {
    "cap": {
      "arc_e": 0.3333333333333333,
      "arc_c": 0.325,
      "arc_min": 0.325,
      "gsm_first": 0.3,
      "gsm_tf": 0.5375,
      "gsm_exact": 0.0,
      "agree": 1.0,
      "balanced": 2.33375,
      "mode": "1200000",
      "mode_frac": 0.8
    },
    "overfit": {
      "mean_train_acc": 0.21666666666666667,
      "mean_hold_acc": 0.3194444444444444,
      "mean_overfit_gap": -0.10277777777777776,
      "max_overfit_gap": -0.04999999999999999,
      "gen_score": 0.3194444444444444,
      "overfit_flag": false,
      "threshold_gap": 0.08,
      "notes": "gap_within_threshold",
      "splits": [
        {
          "name": "arc_easy",
          "acc_train": 0.25,
          "acc_hold": 0.3333333333333333,
          "err_train": 0.75,
          "err_hold": 0.6666666666666667,
          "overfit_gap": -0.08333333333333331,
          "n_train": 40,
          "n_hold": 60
        },
        {
          "name": "arc_challenge",
          "acc_train": 0.15,
          "acc_hold": 0.325,
          "err_train": 0.85,
          "err_hold": 0.675,
          "overfit_gap": -0.17500000000000002,
          "n_train": 40,
          "n_hold": 40
        },
        {
          "name": "gsm_first_digit",
          "acc_train": 0.25,
          "acc_hold": 0.3,
          "err_train": 0.75,
          "err_hold": 0.7,
          "overfit_gap": -0.04999999999999999,
          "n_train": 40,
          "n_hold": 40
        }
      ]
    }
  },
  "best": {
    "cap": {
      "arc_e": 0.3333333333333333,
      "arc_c": 0.325,
      "arc_min": 0.325,
      "gsm_first": 0.3,
      "gsm_tf": 0.5375,
      "gsm_exact": 0.0,
      "agree": 1.0,
      "balanced": 2.33375,
      "mode": "1200000",
      "mode_frac": 0.8
    },
    "overfit": {
      "mean_train_acc": 0.21666666666666667,
      "mean_hold_acc": 0.3194444444444444,
      "mean_overfit_gap": -0.10277777777777776,
      "max_overfit_gap": -0.04999999999999999,
      "gen_score": 0.3194444444444444,
      "overfit_flag": false,
      "threshold_gap": 0.08,
      "notes": "gap_within_threshold",
      "splits": [
        {
          "name": "arc_easy",
          "acc_train": 0.25,
          "acc_hold": 0.3333333333333333,
          "err_train": 0.75,
          "err_hold": 0.6666666666666667,
          "overfit_gap": -0.08333333333333331,
          "n_train": 40,
          "n_hold": 60
        },
        {
          "name": "arc_challenge",
          "acc_train": 0.15,
          "acc_hold": 0.325,
          "err_train": 0.85,
          "err_hold": 0.675,
          "overfit_gap": -0.17500000000000002,
          "n_train": 40,
          "n_hold": 40
        },
        {
          "name": "gsm_first_digit",
          "acc_train": 0.25,
          "acc_hold": 0.3,
          "err_train": 0.75,
          "err_hold": 0.7,
          "overfit_gap": -0.04999999999999999,
          "n_train": 40,
          "n_hold": 40
        }
      ]
    }
  },
  "capability_improved": false,
  "overfit_acceptable": true,
  "promote_reasons": [],
  "promote_to_github": false,
  "history": [
    {
      "step": 1,
      "task": "digit",
      "loss": 10.378665924072266,
      "arc_e": 0.3333333333333333,
      "arc_c": 0.325,
      "arc_min": 0.325,
      "gsm_first": 0.3,
      "gsm_tf": 0.5375,
      "gsm_exact": 0.0,
      "agree": 1.0,
      "balanced": 2.33375,
      "mode": "1200000",
      "mode_frac": 0.8,
      "gen_score": 0.3194444444444444,
      "overfit_gap": -0.10277777777777776,
      "overfit_flag": false,
      "direction": "FLAT",
      "ov_ok": true,
      "cap_ok": false,
      "ov_reasons": [
        "non_overfit_direction"
      ],
      "cap_reasons": []
    },
    {
      "step": 50,
      "task": "digit",
      "loss": 7.515637397766113,
      "arc_e": 0.31666666666666665,
      "arc_c": 0.275,
      "arc_min": 0.275,
      "gsm_first": 0.3,
      "gsm_tf": 0.5375,
      "gsm_exact": 0.0,
      "agree": 1.0,
      "balanced": 2.18375,
      "mode": "1200000",
      "mode_frac": 0.85,
      "gen_score": 0.2972222222222222,
      "overfit_gap": -0.10555555555555557,
      "overfit_flag": false,
      "direction": "HOLD_REGRESS",
      "ov_ok": false,
      "cap_ok": false,
      "ov_reasons": [
        "hold_acc_regressed 31.9%\u219229.7%"
      ],
      "cap_reasons": [
        "arc_min_floor"
      ]
    },
    {
      "step": 100,
      "task": "digit",
      "loss": 4.666680812835693,
      "arc_e": 0.31666666666666665,
      "arc_c": 0.275,
      "arc_min": 0.275,
      "gsm_first": 0.3,
      "gsm_tf": 0.5375,
      "gsm_exact": 0.0,
      "agree": 1.0,
      "balanced": 2.18375,
      "mode": "1200000",
      "mode_frac": 0.75,
      "gen_score": 0.2972222222222222,
      "overfit_gap": -0.08055555555555556,
      "overfit_flag": false,
      "direction": "MEMORIZE_COLLAPSE",
      "ov_ok": false,
      "cap_ok": false,
      "ov_reasons": [
        "hold_acc_regressed 31.9%\u219229.7%"
      ],
      "cap_reasons": [
        "arc_min_floor"
      ]
    },
    {
      "step": 150,
      "task": "digit",
      "loss": 5.218626976013184,
      "arc_e": 0.35,
      "arc_c": 0.3,
      "arc_min": 0.3,
      "gsm_first": 0.3,
      "gsm_tf": 0.5375,
      "gsm_exact": 0.0,
      "agree": 1.0,
      "balanced": 2.2775,
      "mode": "1200000",
      "mode_frac": 0.825,
      "gen_score": 0.31666666666666665,
      "overfit_gap": -0.10833333333333332,
      "overfit_flag": false,
      "direction": "FLAT",
      "ov_ok": true,
      "cap_ok": false,
      "ov_reasons": [
        "non_overfit_direction"
      ],
      "cap_reasons": [
        "arc_min_floor"
      ]
    },
    {
      "step": 200,
      "task": "digit",
      "loss": 6.525388240814209,
      "arc_e": 0.3333333333333333,
      "arc_c": 0.3,
      "arc_min": 0.3,
      "gsm_first": 0.3,
      "gsm_tf": 0.5375,
      "gsm_exact": 0.0,
      "agree": 1.0,
      "balanced": 2.265,
      "mode": "1200000",
      "mode_frac": 0.825,
      "gen_score": 0.3111111111111111,
      "overfit_gap": -0.09444444444444444,
      "overfit_flag": false,
      "direction": "FLAT",
      "ov_ok": false,
      "cap_ok": false,
      "ov_reasons": [
        "hold_acc_regressed 31.9%\u219231.1%"
      ],